48,月木游乐园管理员,WSQ030924,17748847406
49,一个快乐的小蚂蚁,123456789,17748847406
50,伟大祖国万岁,zzzz123456,17748847406
51,无所谓我会出手,wswwhcs444,17748847406
52,爱你的人在等你,wswwhcs444,17785557420
53,我一直都在呢,wWSQ030924,14575214574
54,我一直都在呢亚,WSQ030924,17748847406
55,水至清则无鱼,WSQ030924,17748847406
57,我的家我做主,WSQ030924,17748847406
58,我的家我做主,WSQ030924,17748847406
59,我的家我做主,WSQ030924,17748847406
60,混沌天使,WSQ030924,17748847406
61,黑胡椒额度四季花城,WSQ030924,17748847406
62,月木游乐园管理员,WSQ030924,17711111111
63,月木游乐园管理员,WSQ030924,17748847406
64,月木游乐园管理员,456789,15691072315
65,温度计课件呢发动机,456789,15691072315
66,温度计课件呢短信,WSQ030924,17748847406
67,今天是我的生日,123456789,11111111111
68,今天是我的,123456789,17748847406
69,今天是你的,123456789,17748847406
70,今天天气有点热,lll123456,12345678911
71,好无聊啊吖,lll123456,17748847406
